-122.1799537,37.4325307
-122.1799798,37.4324179
-122.1799537,37.4325307
-122.1799798,37.4324179
-122.1799798,37.4324179
-122.179981,37.4319761
-122.1799798,37.4324179
-122.179981,37.4319761
-122.1799798,37.4324179
-122.179981,37.4319761
-122.1799798,37.4324179
-122.179981,37.4319761
-122.179981,37.4319761
-122.1798479,37.431607
-122.179981,37.4319761
-122.1798479,37.431607
-122.179981,37.4319761
-122.1798479,37.431607
-122.179981,37.4319761
-122.1798479,37.431607
-122.179981,37.4319761
-122.1798479,37.431607
-122.179981,37.4319761
-122.1798479,37.431607
-122.179981,37.4319761
-122.1798479,37.431607
-122.1798479,37.431607
-122.1798247,37.431558
-122.1798247,37.431558
-122.1797458,37.4313909
-122.1798247,37.431558
-122.1797458,37.4313909
-122.1797191,37.4313344
-122.1795732,37.4311299
-122.1797191,37.4313344
-122.1795732,37.4311299
-122.1797191,37.4313344
-122.1795732,37.4311299
-122.1795732,37.4311299
-122.1794658,37.4309602
-122.1795732,37.4311299
-122.1794658,37.4309602
-122.1795732,37.4311299
-122.1794658,37.4309602
-122.1795732,37.4311299
-122.1794658,37.4309602
-122.1795732,37.4311299
-122.1794658,37.4309602
-122.1795732,37.4311299
-122.1794658,37.4309602
-122.1794658,37.4309602
-122.1793922,37.4308774
-122.1794658,37.4309602
-122.1793922,37.4308774
-122.1793922,37.4308774
-122.1793367,37.4308149
-122.1793922,37.4308774
-122.1793367,37.4308149
-122.1793922,37.4308774
-122.1793367,37.4308149
-122.1793922,37.4308774
-122.1793367,37.4308149
-122.1793367,37.4308149
-122.1792715,37.4307252
-122.1793367,37.4308149
-122.1792715,37.4307252
-122.1793367,37.4308149
-122.1792715,37.4307252
-122.1793367,37.4308149
-122.1792715,37.4307252
-122.1792715,37.4307252
-122.1792177,37.4306544
-122.1792715,37.4307252
-122.1792177,37.4306544
-122.1792715,37.4307252
-122.1792177,37.4306544
-122.1792177,37.4306544
-122.1790089,37.4307135
-122.1792177,37.4306544
-122.1790089,37.4307135
-122.1790089,37.4307135
-122.1787863,37.4307688
-122.1790089,37.4307135
-122.1787863,37.4307688
-122.1790089,37.4307135
-122.1787863,37.4307688
-122.1787863,37.4307688
-122.1785663,37.4308029
-122.1787863,37.4307688
-122.1785663,37.4308029
-122.1787863,37.4307688
-122.1785663,37.4308029
-122.1785663,37.4308029
-122.1784417,37.4308183
-122.1785663,37.4308029
-122.1784417,37.4308183
-122.1785663,37.4308029
-122.1784417,37.4308183
-122.1785663,37.4308029
-122.1784417,37.4308183
-122.1785663,37.4308029
-122.1784417,37.4308183
-122.1784417,37.4308183
-122.1782999,37.4308346
-122.1784417,37.4308183
-122.1782999,37.4308346
-122.1784417,37.4308183
-122.1782999,37.4308346
-122.1782999,37.4308346
-122.1781442,37.4308323
-122.1781442,37.4308323
-122.1779307,37.4308157
-122.1781442,37.4308323
-122.1779307,37.4308157
-122.1779307,37.4308157
-122.1765842,37.4306027
-122.1779307,37.4308157
-122.1765842,37.4306027
-122.1779307,37.4308157
-122.1765842,37.4306027
-122.1779307,37.4308157
-122.1765842,37.4306027
-122.1779307,37.4308157
-122.1765842,37.4306027
-122.1779307,37.4308157
-122.1765842,37.4306027
-122.1779307,37.4308157
-122.1765842,37.4306027
-122.1779307,37.4308157
-122.1765842,37.4306027
-122.1779307,37.4308157
-122.1765842,37.4306027
-122.1779307,37.4308157
-122.1765842,37.4306027
-122.1779307,37.4308157
-122.1765842,37.4306027
-122.1765842,37.4306027
-122.176371,37.4306005
-122.176371,37.4306005
-122.1761474,37.4305715
-122.176371,37.4306005
-122.1761474,37.4305715
-122.176371,37.4306005
-122.1761474,37.4305715
-122.1761474,37.4305715
-122.176024,37.4305522
-122.176024,37.4305522
-122.1757634,37.4305239
-122.176024,37.4305522
-122.1757634,37.4305239
-122.1757634,37.4305239
-122.1755918,37.430509
-122.1757634,37.4305239
-122.1755918,37.430509
-122.1755918,37.430509
-122.1754787,37.4304855
-122.1755918,37.430509
-122.1754787,37.4304855
-122.1755918,37.430509
-122.1754787,37.4304855
-122.1755918,37.430509
-122.1754787,37.4304855
-122.1755918,37.430509
-122.1754787,37.4304855
-122.1755918,37.430509
-122.1754787,37.4304855
-122.1755918,37.430509
-122.1754787,37.4304855
-122.1755918,37.430509
-122.1754787,37.4304855
-122.1755918,37.430509
-122.1754787,37.4304855
-122.1755918,37.430509
-122.1754787,37.4304855
-122.1755918,37.430509
-122.1754787,37.4304855
-122.1754787,37.4304855
-122.1753424,37.43046
-122.1754787,37.4304855
-122.1753424,37.43046
-122.1754787,37.4304855
-122.1753424,37.43046
-122.1754787,37.4304855
-122.1753424,37.43046
-122.1752869,37.4304484
-122.1748756,37.430362
-122.1752869,37.4304484
-122.1748756,37.430362
-122.1752869,37.4304484
-122.1748756,37.430362
-122.1752869,37.4304484
-122.1748756,37.430362
-122.1752869,37.4304484
-122.1748756,37.430362
-122.1748756,37.430362
-122.1746986,37.4303471
-122.1746986,37.4303471
-122.1745001,37.430362
-122.1745001,37.430362
-122.1743258,37.4304046
-122.1745001,37.430362
-122.1743258,37.4304046
-122.1743258,37.4304046
-122.1741541,37.430477
-122.1743258,37.4304046
-122.1741541,37.430477
-122.1743258,37.4304046
-122.1741541,37.430477
-122.1741541,37.430477
-122.1740146,37.4305686
-122.1741541,37.430477
-122.1740146,37.4305686
-122.1740146,37.4305686
-122.1738913,37.4306943
-122.1740146,37.4305686
-122.1738913,37.4306943
-122.1740146,37.4305686
-122.1738913,37.4306943
-122.1740146,37.4305686
-122.1738913,37.4306943
-122.1738913,37.4306943
-122.1738301,37.4308266
-122.17381,37.4308798
-122.1737729,37.4309818
-122.17381,37.4308798
-122.1737729,37.4309818
-122.17381,37.4308798
-122.1737729,37.4309818
-122.17381,37.4308798
-122.1737729,37.4309818
-122.17381,37.4308798
-122.1737729,37.4309818
-122.17381,37.4308798
-122.1737729,37.4309818
-122.1737729,37.4309818
-122.1736837,37.4312274
-122.1737729,37.4309818
-122.1736837,37.4312274
-122.1737729,37.4309818
-122.1736837,37.4312274
-122.1737729,37.4309818
-122.1736837,37.4312274
-122.1737729,37.4309818
-122.1736837,37.4312274
-122.1737729,37.4309818
-122.1736837,37.4312274
-122.1736837,37.4312274
-122.1735886,37.4314774
-122.1736837,37.4312274
-122.1735886,37.4314774
-122.1736837,37.4312274
-122.1735886,37.4314774
-122.1735886,37.4314774
-122.1734731,37.4318254
-122.1735886,37.4314774
-122.1734731,37.4318254
-122.1735886,37.4314774
-122.1734731,37.4318254
-122.1735886,37.4314774
-122.1734731,37.4318254
-122.1735886,37.4314774
-122.1734731,37.4318254
-122.1734731,37.4318254
-122.1733385,37.4322717
-122.1734731,37.4318254
-122.1733385,37.4322717
-122.1734731,37.4318254
-122.1733385,37.4322717
-122.1734731,37.4318254
-122.1733385,37.4322717
-122.1734731,37.4318254
-122.1733385,37.4322717
-122.1734731,37.4318254
-122.1733385,37.4322717
-122.1734731,37.4318254
-122.1733385,37.4322717
-122.1733385,37.4322717
-122.1733056,37.4323793
-122.1733385,37.4322717
-122.1733056,37.4323793
-122.1733385,37.4322717
-122.1733056,37.4323793
-122.1733385,37.4322717
-122.1733056,37.4323793
-122.1733385,37.4322717
-122.1733056,37.4323793
-122.1733385,37.4322717
-122.1733056,37.4323793
-122.1733385,37.4322717
-122.1733056,37.4323793
-122.1733385,37.4322717
-122.1733056,37.4323793
-122.1733385,37.4322717
-122.1733056,37.4323793
-122.1733385,37.4322717
-122.1733056,37.4323793
-122.1733056,37.4323793
-122.1732706,37.4324941
-122.1733056,37.4323793
-122.1732706,37.4324941
-122.1732706,37.4324941
-122.1732062,37.4327321
-122.1732706,37.4324941
-122.1732062,37.4327321
-122.1732706,37.4324941
-122.1732062,37.4327321
-122.1732062,37.4327321
-122.1731046,37.433024
-122.1732062,37.4327321
-122.1731046,37.433024
-122.1732062,37.4327321
-122.1731046,37.433024
-122.1732062,37.4327321
-122.1731046,37.433024
-122.1731046,37.433024
-122.1730749,37.4331021
-122.1731046,37.433024
-122.1730749,37.4331021
-122.1731046,37.433024
-122.1730749,37.4331021
-122.1730749,37.4331021
-122.1730411,37.4331912
-122.1730749,37.4331021
-122.1730411,37.4331912
-122.1730749,37.4331021
-122.1730411,37.4331912
-122.1730411,37.4331912
-122.172985,37.4332892
-122.1730411,37.4331912
-122.172985,37.4332892
-122.1730411,37.4331912
-122.172985,37.4332892
-122.172985,37.4332892
-122.1729046,37.4334361
-122.172985,37.4332892
-122.1729046,37.4334361
-122.1729046,37.4334361
-122.1726758,37.433773
-122.1729046,37.4334361
-122.1726758,37.433773
-122.1729046,37.4334361
-122.1726758,37.433773
-122.1729046,37.4334361
-122.1726758,37.433773
-122.1726758,37.433773
-122.1726071,37.433863
-122.1726758,37.433773
-122.1726071,37.433863
-122.1726758,37.433773
-122.1726071,37.433863
-122.1726071,37.433863
-122.1725049,37.4339944
-122.1726071,37.433863
-122.1725049,37.4339944
-122.1726071,37.433863
-122.1725049,37.4339944
-122.1724497,37.434026
-122.1722719,37.4341281
-122.1724497,37.434026
-122.1722719,37.4341281
-122.1724497,37.434026
-122.1722719,37.4341281
-122.1724497,37.434026
-122.1722719,37.4341281
-122.1724497,37.434026
-122.1722719,37.4341281
-122.1724497,37.434026
-122.1722719,37.4341281
-122.1724497,37.434026
-122.1722719,37.4341281
-122.1724497,37.434026
-122.1722719,37.4341281
-122.1724497,37.434026
-122.1722719,37.4341281
-122.1724497,37.434026
-122.1722719,37.4341281
-122.172169,37.4341871
-122.1720325,37.4342363
-122.1720325,37.4342363
-122.1718581,37.4342831
-122.1720325,37.4342363
-122.1718581,37.4342831
-122.1718581,37.4342831
-122.1716784,37.4343129
-122.1718581,37.4342831
-122.1716784,37.4343129
-122.1715041,37.4343214
-122.1713271,37.4343087
-122.1715041,37.4343214
-122.1713271,37.4343087
-122.1713271,37.4343087
-122.1706216,37.434183
-122.1713271,37.4343087
-122.1706216,37.434183
-122.1713271,37.4343087
-122.1706216,37.434183
-122.1713271,37.4343087
-122.1706216,37.434183
-122.1713271,37.4343087
-122.1706216,37.434183
-122.1706216,37.434183
-122.170399,37.4341575
-122.1706216,37.434183
-122.170399,37.4341575
-122.1706216,37.434183
-122.170399,37.4341575
-122.170399,37.4341575
-122.1701791,37.4341362
-122.1701791,37.4341362
-122.1699725,37.4341298
-122.1701791,37.4341362
-122.1699725,37.4341298
-122.1701791,37.4341362
-122.1699725,37.4341298
-122.1701791,37.4341362
-122.1699725,37.4341298
-122.1701791,37.4341362
-122.1699725,37.4341298
-122.1701791,37.4341362
-122.1699725,37.4341298
-122.1701791,37.4341362
-122.1699725,37.4341298
-122.1701791,37.4341362
-122.1699725,37.4341298
-122.169814,37.4341503
-122.1684812,37.434462
-122.169814,37.4341503
-122.1684812,37.434462
-122.169814,37.4341503
-122.1684812,37.434462
-122.169814,37.4341503
-122.1684812,37.434462
-122.169814,37.4341503
-122.1684812,37.434462
-122.169814,37.4341503
-122.1684812,37.434462
-122.169814,37.4341503
-122.1684812,37.434462
-122.169814,37.4341503
-122.1684812,37.434462
-122.169814,37.4341503
-122.1684812,37.434462
-122.169814,37.4341503
-122.1684812,37.434462
-122.169814,37.4341503
-122.1684812,37.434462
-122.169814,37.4341503
-122.1684812,37.434462
-122.169814,37.4341503
-122.1684812,37.434462
-122.1684812,37.434462
-122.1682908,37.4344876
-122.1684812,37.434462
-122.1682908,37.4344876
-122.1684812,37.434462
-122.1682908,37.4344876
-122.1682908,37.4344876
-122.1681068,37.4344909
-122.1682908,37.4344876
-122.1681068,37.4344909
-122.1682908,37.4344876
-122.1681068,37.4344909
-122.1682908,37.4344876
-122.1681068,37.4344909
-122.1682908,37.4344876
-122.1681068,37.4344909
-122.1682908,37.4344876
-122.1681068,37.4344909
-122.1682908,37.4344876
-122.1681068,37.4344909
-122.1682908,37.4344876
-122.1681068,37.4344909
-122.1682908,37.4344876
-122.1681068,37.4344909
-122.1681068,37.4344909
-122.1680467,37.4344897
-122.1681068,37.4344909
-122.1680467,37.4344897
-122.1680467,37.4344897
-122.1679114,37.4344865
-122.1680467,37.4344897
-122.1679114,37.4344865
-122.1679114,37.4344865
-122.1679442,37.4344079
-122.1678836,37.4345531
-122.167854,37.4346535
-122.167854,37.4346535
-122.1673078,37.4363422
-122.167854,37.4346535
-122.1673078,37.4363422
-122.167854,37.4346535
-122.1673078,37.4363422
-122.167854,37.4346535
-122.1673078,37.4363422
-122.167854,37.4346535
-122.1673078,37.4363422
-122.167854,37.4346535
-122.1673078,37.4363422
-122.167854,37.4346535
-122.1673078,37.4363422
-122.167854,37.4346535
-122.1673078,37.4363422
-122.167854,37.4346535
-122.1673078,37.4363422
-122.167854,37.4346535
-122.1673078,37.4363422
-122.167854,37.4346535
-122.1673078,37.4363422
-122.167854,37.4346535
-122.1673078,37.4363422
-122.167854,37.4346535
-122.1673078,37.4363422
-122.167854,37.4346535
-122.1673078,37.4363422
-122.167854,37.4346535
-122.1673078,37.4363422
-122.167854,37.4346535
-122.1673078,37.4363422
-122.1673078,37.4363422
-122.1667652,37.4379566
-122.1673078,37.4363422
-122.1667652,37.4379566
-122.1673078,37.4363422
-122.1667652,37.4379566
-122.1673078,37.4363422
-122.1667652,37.4379566
-122.1673078,37.4363422
-122.1667652,37.4379566
-122.1673078,37.4363422
-122.1667652,37.4379566
-122.1673078,37.4363422
-122.1667652,37.4379566
-122.1673078,37.4363422
-122.1667652,37.4379566
-122.1673078,37.4363422
-122.1667652,37.4379566
-122.1673078,37.4363422
-122.1667652,37.4379566
-122.1673078,37.4363422
-122.1667652,37.4379566
-122.1673078,37.4363422
-122.1667652,37.4379566
-122.1673078,37.4363422
-122.1667652,37.4379566
-122.1673078,37.4363422
-122.1667652,37.4379566
-122.1673078,37.4363422
-122.1667652,37.4379566
-122.1667652,37.4379566
-122.1659494,37.4403755
-122.1667652,37.4379566
-122.1659494,37.4403755
-122.1667652,37.4379566
-122.1659494,37.4403755
-122.1667652,37.4379566
-122.1659494,37.4403755
-122.1667652,37.4379566
-122.1659494,37.4403755
-122.1667652,37.4379566
-122.1659494,37.4403755
-122.1667652,37.4379566
-122.1659494,37.4403755
-122.1667652,37.4379566
-122.1659494,37.4403755
-122.1667652,37.4379566
-122.1659494,37.4403755
-122.1667652,37.4379566
-122.1659494,37.4403755
-122.1667652,37.4379566
-122.1659494,37.4403755
-122.1667652,37.4379566
-122.1659494,37.4403755
-122.1667652,37.4379566
-122.1659494,37.4403755
-122.1667652,37.4379566
-122.1659494,37.4403755
-122.1667652,37.4379566
-122.1659494,37.4403755
-122.1667652,37.4379566
-122.1659494,37.4403755
-122.1667652,37.4379566
-122.1659494,37.4403755
-122.1667652,37.4379566
-122.1659494,37.4403755
-122.1659494,37.4403755
-122.1657194,37.4410743
-122.1659494,37.4403755
-122.1657194,37.4410743
-122.1659494,37.4403755
-122.1657194,37.4410743
-122.1659494,37.4403755
-122.1657194,37.4410743
-122.1659494,37.4403755
-122.1657194,37.4410743
-122.1659494,37.4403755
-122.1657194,37.4410743
-122.1657194,37.4410743
-122.1655869,37.4412526
-122.1657194,37.4410743
-122.1655869,37.4412526
-122.1657194,37.4410743
-122.1655869,37.4412526
-122.1655869,37.4412526
-122.1654566,37.4414834
-122.1655869,37.4412526
-122.1654566,37.4414834
-122.1655869,37.4412526
-122.1654566,37.4414834
-122.1655869,37.4412526
-122.1654566,37.4414834
-122.1655869,37.4412526
-122.1654566,37.4414834
-122.1655869,37.4412526
-122.1654566,37.4414834
-122.1655869,37.4412526
-122.1654566,37.4414834
-122.1655869,37.4412526
-122.1654566,37.4414834
-122.1655869,37.4412526
-122.1654566,37.4414834
-122.1655869,37.4412526
-122.1654566,37.4414834
-122.1655869,37.4412526
-122.1654566,37.4414834
-122.1655869,37.4412526
-122.1654566,37.4414834
-122.1655869,37.4412526
-122.1654566,37.4414834
-122.1655869,37.4412526
-122.1654566,37.4414834
-122.1655869,37.4412526
-122.1654566,37.4414834
-122.1655869,37.4412526
-122.1654566,37.4414834
-122.1655869,37.4412526
-122.1654566,37.4414834
-122.1655869,37.4412526
-122.1654566,37.4414834
-122.1655869,37.4412526
-122.1654566,37.4414834
-122.1655869,37.4412526
-122.1654566,37.4414834
-122.1655869,37.4412526
-122.1654566,37.4414834
-122.1655869,37.4412526
-122.1654566,37.4414834
-122.1655869,37.4412526
-122.1654566,37.4414834
-122.1655869,37.4412526
-122.1654566,37.4414834
-122.1655869,37.4412526
-122.1654566,37.4414834
-122.1655869,37.4412526
-122.1654566,37.4414834
-122.1655869,37.4412526
-122.1654566,37.4414834
-122.1655869,37.4412526
-122.1654566,37.4414834
-122.1655869,37.4412526
-122.1654566,37.4414834
-122.1655869,37.4412526
-122.1654566,37.4414834
-122.1655869,37.4412526
-122.1654566,37.4414834
-122.1655869,37.4412526
-122.1654566,37.4414834
-122.1655869,37.4412526
-122.1654566,37.4414834
-122.1655869,37.4412526
-122.1654566,37.4414834
-122.1655869,37.4412526
-122.1654566,37.4414834
-122.1655869,37.4412526
-122.1654566,37.4414834
-122.1655869,37.4412526
-122.1654566,37.4414834
-122.1655869,37.4412526
-122.1654566,37.4414834
-122.1655869,37.4412526
-122.1654566,37.4414834
-122.1655869,37.4412526
-122.1654566,37.4414834
-122.1655869,37.4412526
-122.1654566,37.4414834
-122.1655869,37.4412526
-122.1654566,37.4414834
-122.1655869,37.4412526
-122.1654566,37.4414834
-122.1655869,37.4412526
-122.1654566,37.4414834
-122.1655869,37.4412526
-122.1654566,37.4414834
-122.1655869,37.4412526
-122.1654566,37.4414834
-122.1655869,37.4412526
-122.1654566,37.4414834
-122.1655869,37.4412526
-122.1654566,37.4414834
-122.1655869,37.4412526
-122.1654566,37.4414834
-122.1655869,37.4412526
-122.1654566,37.4414834
-122.1655869,37.4412526
-122.1654566,37.4414834
-122.1655869,37.4412526
-122.1654566,37.4414834
-122.1655869,37.4412526
-122.1654566,37.4414834
-122.1655869,37.4412526
-122.1654566,37.4414834
-122.1655869,37.4412526
-122.1654566,37.4414834
-122.1655869,37.4412526
-122.1654566,37.4414834
-122.1655869,37.4412526
-122.1654566,37.4414834
-122.1655869,37.4412526
-122.1654566,37.4414834
-122.1655869,37.4412526
-122.1654566,37.4414834
-122.1655869,37.4412526
-122.1654566,37.4414834
-122.1655869,37.4412526
-122.1654566,37.4414834
-122.1655869,37.4412526
-122.1654566,37.4414834
-122.1655869,37.4412526
-122.1654566,37.4414834
-122.1655869,37.4412526
-122.1654566,37.4414834
-122.1655869,37.4412526
-122.1654566,37.4414834
-122.1654286,37.4415337
-122.1653636,37.4416745
-122.1653636,37.4416745
-122.1651634,37.4420344
-122.1653636,37.4416745
-122.1651634,37.4420344
-122.1653636,37.4416745
-122.1651634,37.4420344
-122.1653636,37.4416745
-122.1651634,37.4420344
-122.1651634,37.4420344
-122.1650779,37.4421802
-122.1651634,37.4420344
-122.1650779,37.4421802
-122.1650275,37.4422598
-122.1649297,37.4424047
-122.1650275,37.4422598
-122.1649297,37.4424047
-122.1649297,37.4424047
-122.1648439,37.4425219
-122.1648439,37.4425219
-122.164573,37.4428413
-122.1648439,37.4425219
-122.164573,37.4428413
-122.1648439,37.4425219
-122.164573,37.4428413
-122.164573,37.4428413
-122.1644776,37.4429427
-122.1644776,37.4429427
-122.1640527,37.4433673
-122.1644776,37.4429427
-122.1640527,37.4433673
-122.1644776,37.4429427
-122.1640527,37.4433673
-122.1644776,37.4429427
-122.1640527,37.4433673
-122.1644776,37.4429427
-122.1640527,37.4433673
-122.1644776,37.4429427
-122.1640527,37.4433673
-122.1640527,37.4433673
-122.1638636,37.4435579
-122.1640527,37.4433673
-122.1638636,37.4435579
-122.1638636,37.4435579
-122.1636812,37.4437389
-122.1638636,37.4435579
-122.1636812,37.4437389
-122.1638636,37.4435579
-122.1636812,37.4437389
-122.1638636,37.4435579
-122.1636812,37.4437389
-122.1636812,37.4437389
-122.1634808,37.4439642
-122.1636812,37.4437389
-122.1634808,37.4439642
-122.1636812,37.4437389
-122.1634808,37.4439642
-122.1636812,37.4437389
-122.1634808,37.4439642
-122.1636812,37.4437389
-122.1634808,37.4439642
-122.1634808,37.4439642
-122.163416,37.444092
-122.1634808,37.4439642
-122.163416,37.444092
-122.1634808,37.4439642
-122.163416,37.444092
-122.163416,37.444092
-122.1628866,37.4437573
-122.163416,37.444092
-122.1628866,37.4437573
-122.163416,37.444092
-122.1628866,37.4437573
-122.163416,37.444092
-122.1628866,37.4437573
-122.163416,37.444092
-122.1628866,37.4437573
-122.163416,37.444092
-122.1628866,37.4437573
-122.163416,37.444092
-122.1628866,37.4437573
-122.163416,37.444092
-122.1628866,37.4437573
-122.163416,37.444092
-122.1628866,37.4437573
-122.163416,37.444092
-122.1628866,37.4437573
-122.163416,37.444092
-122.1628866,37.4437573
-122.1628866,37.4437573
-122.1627442,37.4436699
-122.1628866,37.4437573
-122.1627442,37.4436699
-122.1627442,37.4436699
-122.1626769,37.443629
-122.1627442,37.4436699
-122.1626769,37.443629
-122.1627442,37.4436699
-122.1626769,37.443629
-122.1626769,37.443629
-122.1625727,37.4435636
-122.1626769,37.443629
-122.1625727,37.4435636
-122.1626769,37.443629
-122.1625727,37.4435636
-122.1626769,37.443629
-122.1625727,37.4435636
-122.1626769,37.443629
-122.1625727,37.4435636
-122.1626769,37.443629
-122.1625727,37.4435636
-122.1626769,37.443629
-122.1625727,37.4435636
-122.1626769,37.443629
-122.1625727,37.4435636
-122.1626769,37.443629
-122.1625727,37.4435636
-122.1626769,37.443629
-122.1625727,37.4435636
-122.1626769,37.443629
-122.1625727,37.4435636
-122.1626769,37.443629
-122.1625727,37.4435636
-122.1626769,37.443629
-122.1625727,37.4435636
-122.1626769,37.443629
-122.1625727,37.4435636
-122.1626769,37.443629
-122.1625727,37.4435636
-122.1626769,37.443629
-122.1625727,37.4435636
-122.1626769,37.443629
-122.1625727,37.4435636
-122.1626769,37.443629
-122.1625727,37.4435636
-122.1626769,37.443629
-122.1625727,37.4435636
-122.1626769,37.443629
-122.1625727,37.4435636
-122.1626769,37.443629
-122.1625727,37.4435636
-122.1626769,37.443629
-122.1625727,37.4435636
-122.1626769,37.443629
-122.1625727,37.4435636
-122.1626769,37.443629
-122.1625727,37.4435636
-122.1626769,37.443629
-122.1625727,37.4435636
-122.1626769,37.443629
-122.1625727,37.4435636
-122.1626769,37.443629
-122.1625727,37.4435636
-122.1626769,37.443629
-122.1625727,37.4435636
-122.1626769,37.443629
-122.1625727,37.4435636
-122.1626769,37.443629
-122.1625727,37.4435636
-122.1626769,37.443629
-122.1625727,37.4435636
-122.1626769,37.443629
-122.1625727,37.4435636
-122.1626769,37.443629
-122.1625727,37.4435636
-122.1625727,37.4435636
-122.1622212,37.4433381
-122.1625727,37.4435636
-122.1622212,37.4433381
-122.1625727,37.4435636
-122.1622212,37.4433381
-122.1625727,37.4435636
-122.1622212,37.4433381
-122.1625727,37.4435636
-122.1622212,37.4433381
-122.1625727,37.4435636
-122.1622212,37.4433381
-122.1625727,37.4435636
-122.1622212,37.4433381
-122.1625727,37.4435636
-122.1622212,37.4433381
-122.1625727,37.4435636
-122.1622212,37.4433381
-122.1625727,37.4435636
-122.1622212,37.4433381
-122.1625727,37.4435636
-122.1622212,37.4433381
-122.1625727,37.4435636
-122.1622212,37.4433381
-122.1625727,37.4435636
-122.1622212,37.4433381
-122.1625727,37.4435636
-122.1622212,37.4433381
-122.1625727,37.4435636
-122.1622212,37.4433381
-122.1625727,37.4435636
-122.1622212,37.4433381
-122.1625727,37.4435636
-122.1622212,37.4433381
-122.1625727,37.4435636
-122.1622212,37.4433381
-122.1625727,37.4435636
-122.1622212,37.4433381
-122.1625727,37.4435636
-122.1622212,37.4433381
-122.1625727,37.4435636
-122.1622212,37.4433381
-122.1622212,37.4433381
-122.1621436,37.4432915
-122.1622212,37.4433381
-122.1621436,37.4432915
-122.1622212,37.4433381
-122.1621436,37.4432915
-122.1621436,37.4432915
-122.1620758,37.4432493
-122.1621436,37.4432915
-122.1620758,37.4432493
-122.1620758,37.4432493
-122.1618189,37.4430854
-122.1620758,37.4432493
-122.1618189,37.4430854
-122.1620758,37.4432493
-122.1618189,37.4430854
-122.1620758,37.4432493
-122.1618189,37.4430854
-122.1618189,37.4430854
-122.1616957,37.4430082
-122.1618189,37.4430854
-122.1616957,37.4430082
-122.1616957,37.4430082
-122.1615342,37.4429071
-122.1615342,37.4429071
-122.1612866,37.442752
-122.1615342,37.4429071
-122.1612866,37.442752
-122.1615342,37.4429071
-122.1612866,37.442752
-122.1615342,37.4429071
-122.1612866,37.442752
-122.1615342,37.4429071
-122.1612866,37.442752
-122.1612866,37.442752
-122.1609991,37.4425651
-122.1612866,37.442752
-122.1609991,37.4425651
-122.1612866,37.442752
-122.1609991,37.4425651
-122.1612866,37.442752
-122.1609991,37.4425651
-122.1612866,37.442752
-122.1609991,37.4425651
-122.1612866,37.442752
-122.1609991,37.4425651
-122.1612866,37.442752
-122.1609991,37.4425651
-122.1612866,37.442752
-122.1609991,37.4425651
-122.1612866,37.442752
-122.1609991,37.4425651
-122.1612866,37.442752
-122.1609991,37.4425651
-122.1612866,37.442752
-122.1609991,37.4425651
-122.1609991,37.4425651
-122.160907,37.4425051
-122.1609991,37.4425651
-122.160907,37.4425051
-122.1609991,37.4425651
-122.160907,37.4425051
-122.1609991,37.4425651
-122.160907,37.4425051
-122.160907,37.4425051
-122.1601534,37.4420354
-122.160907,37.4425051
-122.1601534,37.4420354
-122.160907,37.4425051
-122.1601534,37.4420354
-122.160907,37.4425051
-122.1601534,37.4420354
-122.160907,37.4425051
-122.1601534,37.4420354
-122.160907,37.4425051
-122.1601534,37.4420354
-122.160907,37.4425051
-122.1601534,37.4420354
-122.160907,37.4425051
-122.1601534,37.4420354
-122.160907,37.4425051
-122.1601534,37.4420354
-122.1601534,37.4420354
-122.1597605,37.4417904
-122.1601534,37.4420354
-122.1597605,37.4417904
-122.1601534,37.4420354
-122.1597605,37.4417904
-122.1601534,37.4420354
-122.1597605,37.4417904
-122.1601534,37.4420354
-122.1597605,37.4417904
-122.1601534,37.4420354
-122.1597605,37.4417904
-122.1601534,37.4420354
-122.1597605,37.4417904
-122.1601534,37.4420354
-122.1597605,37.4417904
-122.1601534,37.4420354
-122.1597605,37.4417904
-122.1601534,37.4420354
-122.1597605,37.4417904
-122.1597605,37.4417904
-122.1596531,37.4417233
-122.1597605,37.4417904
-122.1596531,37.4417233
-122.1597605,37.4417904
-122.1596531,37.4417233
-122.1597605,37.4417904
-122.1596531,37.4417233
-122.1597605,37.4417904
-122.1596531,37.4417233
-122.1596531,37.4417233
-122.1592353,37.4414587
-122.1596531,37.4417233
-122.1592353,37.4414587
-122.1596531,37.4417233
-122.1592353,37.4414587
-122.1596531,37.4417233
-122.1592353,37.4414587
-122.1596531,37.4417233
-122.1592353,37.4414587
-122.1596531,37.4417233
-122.1592353,37.4414587
-122.1592353,37.4414587
-122.158858,37.4412211
-122.1592353,37.4414587
-122.158858,37.4412211
-122.1592353,37.4414587
-122.158858,37.4412211
-122.1592353,37.4414587
-122.158858,37.4412211
-122.1592353,37.4414587
-122.158858,37.4412211
-122.1592353,37.4414587
-122.158858,37.4412211
-122.158858,37.4412211
-122.1585152,37.4410039
-122.158858,37.4412211
-122.1585152,37.4410039
-122.158858,37.4412211
-122.1585152,37.4410039
-122.158858,37.4412211
-122.1585152,37.4410039
-122.158858,37.4412211
-122.1585152,37.4410039
-122.158858,37.4412211
-122.1585152,37.4410039
-122.1585152,37.4410039
-122.1584157,37.4409408
-122.1585152,37.4410039
-122.1584157,37.4409408
-122.1585152,37.4410039
-122.1584157,37.4409408
-122.1585152,37.4410039
-122.1584157,37.4409408
-122.1585152,37.4410039
-122.1584157,37.4409408
-122.1585152,37.4410039
-122.1584157,37.4409408
-122.1585152,37.4410039
-122.1584157,37.4409408
-122.1585152,37.4410039
-122.1584157,37.4409408
-122.1585152,37.4410039
-122.1584157,37.4409408
-122.1583272,37.4408855
-122.1581344,37.4407651
-122.1583272,37.4408855
-122.1581344,37.4407651
-122.1583272,37.4408855
-122.1581344,37.4407651
-122.1581344,37.4407651
-122.1578899,37.4406123
-122.1581344,37.4407651
-122.1578899,37.4406123
-122.1581344,37.4407651
-122.1578899,37.4406123
-122.1581344,37.4407651
-122.1578899,37.4406123
-122.1578899,37.4406123
-122.1577563,37.4405288
-122.1578899,37.4406123
-122.1577563,37.4405288
-122.1577563,37.4405288
-122.1576206,37.440444
-122.1576206,37.440444
-122.15753,37.4403874
-122.1576206,37.440444
-122.15753,37.4403874
-122.1576206,37.440444
-122.15753,37.4403874
-122.15753,37.4403874
-122.1574533,37.4403394
-122.1574533,37.4403394
-122.1571661,37.4401601
-122.1574533,37.4403394
-122.1571661,37.4401601
-122.1574533,37.4403394
-122.1571661,37.4401601
-122.1574533,37.4403394
-122.1571661,37.4401601
-122.1574533,37.4403394
-122.1571661,37.4401601
-122.1574533,37.4403394
-122.1571661,37.4401601
-122.1574533,37.4403394
-122.1571661,37.4401601
-122.1574533,37.4403394
-122.1571661,37.4401601
-122.1571661,37.4401601
-122.1572282,37.4400959
-122.157109,37.4402183
-122.1568751,37.4404571
-122.157109,37.4402183
-122.1568751,37.4404571
-122.157109,37.4402183
-122.1568751,37.4404571
-122.157109,37.4402183
-122.1568751,37.4404571
-122.157109,37.4402183
-122.1568751,37.4404571
-122.157109,37.4402183
-122.1568751,37.4404571
-122.157109,37.4402183
-122.1568751,37.4404571
-122.1568751,37.4404571
-122.1565682,37.4407604
-122.1568751,37.4404571
-122.1565682,37.4407604
-122.1568751,37.4404571
-122.1565682,37.4407604
-122.1568751,37.4404571
-122.1565682,37.4407604
-122.1568751,37.4404571
-122.1565682,37.4407604
-122.1568751,37.4404571
-122.1565682,37.4407604
-122.1568751,37.4404571
-122.1565682,37.4407604
-122.1565682,37.4407604
-122.1562809,37.4410492
-122.1565682,37.4407604
-122.1562809,37.4410492
-122.1577345,37.4415007
-122.1566592,37.4408182
-122.1577345,37.4415007
-122.1566592,37.4408182
-122.1577345,37.4415007
-122.1566592,37.4408182
-122.1577345,37.4415007
-122.1566592,37.4408182
-122.1577345,37.4415007
-122.1566592,37.4408182
-122.1577345,37.4415007
-122.1566592,37.4408182
-122.1577345,37.4415007
-122.1566592,37.4408182
-122.1577345,37.4415007
-122.1566592,37.4408182
-122.1577345,37.4415007
-122.1566592,37.4408182
-122.1577345,37.4415007
-122.1566592,37.4408182
-122.1577345,37.4415007
-122.1566592,37.4408182
-122.1577345,37.4415007
-122.1566592,37.4408182
-122.1577345,37.4415007
-122.1566592,37.4408182
-122.1577345,37.4415007
-122.1566592,37.4408182
-122.1577345,37.4415007
-122.1566592,37.4408182
-122.1577345,37.4415007
-122.1566592,37.4408182
-122.1577345,37.4415007
-122.1566592,37.4408182
-122.1577345,37.4415007
-122.1566592,37.4408182
-122.1577345,37.4415007
-122.1566592,37.4408182
-122.1577345,37.4415007
-122.1566592,37.4408182
-122.1577345,37.4415007
-122.1578095,37.4415483
-122.1578095,37.4415483
-122.1579007,37.4416045
-122.1578095,37.4415483
-122.1579007,37.4416045
-122.1578095,37.4415483
-122.1579007,37.4416045
-122.1578095,37.4415483
-122.1579007,37.4416045
-122.1578095,37.4415483
-122.1579007,37.4416045
-122.1578095,37.4415483
-122.1579007,37.4416045
-122.1578095,37.4415483
-122.1579007,37.4416045
-122.1578095,37.4415483
-122.1579007,37.4416045
-122.1579007,37.4416045
-122.1579818,37.4416544
-122.1579818,37.4416544
-122.1582489,37.4418225
-122.1579818,37.4416544
-122.1582489,37.4418225
-122.1579818,37.4416544
-122.1582489,37.4418225
-122.1579818,37.4416544
-122.1582489,37.4418225
-122.1582489,37.4418225
-122.1584122,37.4419253
-122.1582489,37.4418225
-122.1584122,37.4419253
-122.1582489,37.4418225
-122.1584122,37.4419253
-122.1584122,37.4419253
-122.1586638,37.4420837
-122.1584122,37.4419253
-122.1586638,37.4420837
-122.1584122,37.4419253
-122.1586638,37.4420837
-122.1586638,37.4420837
-122.1589624,37.4422717
-122.1586638,37.4420837
-122.1589624,37.4422717
-122.1586638,37.4420837
-122.1589624,37.4422717
-122.1586638,37.4420837
-122.1589624,37.4422717
-122.1586638,37.4420837
-122.1589624,37.4422717
-122.1586638,37.4420837
-122.1589624,37.4422717
-122.1589624,37.4422717
-122.1590692,37.4423389
-122.1589624,37.4422717
-122.1590692,37.4423389
-122.1589624,37.4422717
-122.1590692,37.4423389
-122.1589624,37.4422717
-122.1590692,37.4423389
-122.1589624,37.4422717
-122.1590692,37.4423389
-122.1589624,37.4422717
-122.1590692,37.4423389
-122.1590692,37.4423389
-122.1591524,37.4423913
-122.1590692,37.4423389
-122.1591524,37.4423913
-122.1590692,37.4423389
-122.1591524,37.4423913
-122.1591524,37.4423913
-122.1602126,37.4430589
-122.1591524,37.4423913
-122.1602126,37.4430589
-122.1591524,37.4423913
-122.1602126,37.4430589
-122.1591524,37.4423913
-122.1602126,37.4430589
-122.1591524,37.4423913
-122.1602126,37.4430589
-122.1591524,37.4423913
-122.1602126,37.4430589
-122.1591524,37.4423913
-122.1602126,37.4430589
-122.1591524,37.4423913
-122.1602126,37.4430589
-122.1591524,37.4423913
-122.1602126,37.4430589
-122.1591524,37.4423913
-122.1602126,37.4430589
-122.1591524,37.4423913
-122.1602126,37.4430589
-122.1591524,37.4423913
-122.1602126,37.4430589
-122.1591524,37.4423913
-122.1602126,37.4430589
-122.1591524,37.4423913
-122.1602126,37.4430589
-122.1591524,37.4423913
-122.1602126,37.4430589
-122.1591524,37.4423913
-122.1602126,37.4430589
-122.1591524,37.4423913
-122.1602126,37.4430589
-122.1602126,37.4430589
-122.1602343,37.4430725
-122.1602126,37.4430589
-122.1602343,37.4430725
-122.1602126,37.4430589
-122.1602343,37.4430725
-122.1602126,37.4430589
-122.1602343,37.4430725
-122.1602343,37.4430725
-122.1603022,37.4431168
-122.1602343,37.4430725
-122.1603022,37.4431168
-122.1602343,37.4430725
-122.1603022,37.4431168
-122.1603977,37.4431753
-122.1603674,37.4431562
-122.1603977,37.4431753
-122.1606531,37.4433362
-122.1603977,37.4431753
-122.1606531,37.4433362
-122.1603977,37.4431753
-122.1606531,37.4433362
-122.1603977,37.4431753
-122.1606531,37.4433362
-122.1606531,37.4433362
-122.1612347,37.4437024
-122.1606531,37.4433362
-122.1612347,37.4437024
-122.1606531,37.4433362
-122.1612347,37.4437024
-122.1606531,37.4433362
-122.1612347,37.4437024
-122.1606531,37.4433362
-122.1612347,37.4437024
-122.1606531,37.4433362
-122.1612347,37.4437024
-122.1606531,37.4433362
-122.1612347,37.4437024
-122.1606531,37.4433362
-122.1612347,37.4437024
-122.1606531,37.4433362
-122.1612347,37.4437024
-122.1606531,37.4433362
-122.1612347,37.4437024
-122.1606531,37.4433362
-122.1612347,37.4437024
-122.1606531,37.4433362
-122.1612347,37.4437024
-122.1606531,37.4433362
-122.1612347,37.4437024
-122.1606531,37.4433362
-122.1612347,37.4437024
-122.1606531,37.4433362
-122.1612347,37.4437024
-122.1606531,37.4433362
-122.1612347,37.4437024
-122.1606531,37.4433362
-122.1612347,37.4437024
-122.1606531,37.4433362
-122.1612347,37.4437024
-122.1612347,37.4437024
-122.1614768,37.4438548
-122.1612347,37.4437024
-122.1614768,37.4438548
-122.1612347,37.4437024
-122.1614768,37.4438548
-122.1614768,37.4438548
-122.1615461,37.443896
-122.1614768,37.4438548
-122.1615461,37.443896
-122.1614768,37.4438548
-122.1615461,37.443896
-122.1614768,37.4438548
-122.1615461,37.443896
-122.162107,37.4442516
-122.1616277,37.4439498
-122.162107,37.4442516
-122.1616277,37.4439498
-122.162107,37.4442516
-122.1616277,37.4439498
-122.162107,37.4442516
-122.1616277,37.4439498
-122.162107,37.4442516
-122.1616277,37.4439498
-122.162107,37.4442516
-122.1616277,37.4439498
-122.162107,37.4442516
-122.1616277,37.4439498
-122.162107,37.4442516
-122.1616277,37.4439498
-122.162107,37.4442516
-122.1616277,37.4439498
-122.162107,37.4442516
-122.1628158,37.4446978
-122.162107,37.4442516
-122.1628158,37.4446978
-122.162107,37.4442516
-122.1628158,37.4446978
-122.162107,37.4442516
-122.1628158,37.4446978
-122.162107,37.4442516
-122.1628158,37.4446978
-122.162107,37.4442516
-122.1628158,37.4446978
-122.162107,37.4442516
-122.1628158,37.4446978
-122.162107,37.4442516
-122.1628158,37.4446978
-122.162107,37.4442516
-122.1628158,37.4446978
-122.162107,37.4442516
-122.1628158,37.4446978
-122.162107,37.4442516
-122.1628158,37.4446978
-122.162107,37.4442516
-122.1628158,37.4446978
-122.162107,37.4442516
-122.1628158,37.4446978
-122.162107,37.4442516
-122.1628158,37.4446978
-122.1628158,37.4446978
-122.1632462,37.4449688
-122.1628158,37.4446978
-122.1632462,37.4449688
-122.1628158,37.4446978
-122.1632462,37.4449688
-122.1628158,37.4446978
-122.1632462,37.4449688
-122.1628158,37.4446978
-122.1632462,37.4449688
-122.1632462,37.4449688
-122.1633857,37.4450567
-122.1632462,37.4449688
-122.1633857,37.4450567
-122.1633857,37.4450567
-122.1635184,37.4451402
-122.1633857,37.4450567
-122.1635184,37.4451402
-122.1633857,37.4450567
-122.1635184,37.4451402
-122.1635184,37.4451402
-122.1636568,37.4452274
-122.1636568,37.4452274
-122.1637902,37.4453113
-122.1637902,37.4453113
-122.1639142,37.4453894
-122.1637902,37.4453113
-122.1639142,37.4453894
-122.1637902,37.4453113
-122.1639142,37.4453894
-122.1637902,37.4453113
-122.1639142,37.4453894
-122.1639142,37.4453894
-122.1640682,37.4454863
-122.1639142,37.4453894
-122.1640682,37.4454863
-122.1639142,37.4453894
-122.1640682,37.4454863
-122.1639142,37.4453894
-122.1640682,37.4454863
-122.1639142,37.4453894
-122.1640682,37.4454863
-122.1639142,37.4453894
-122.1640682,37.4454863
-122.1639142,37.4453894
-122.1640682,37.4454863
-122.1639142,37.4453894
-122.1640682,37.4454863
-122.1639142,37.4453894
-122.1640682,37.4454863
-122.1639142,37.4453894
-122.1640682,37.4454863
-122.1639142,37.4453894
-122.1640682,37.4454863
-122.1639142,37.4453894
-122.1640682,37.4454863
-122.1639142,37.4453894
-122.1640682,37.4454863
-122.1640682,37.4454863
-122.165018,37.4460843
-122.1640682,37.4454863
-122.165018,37.4460843
-122.1640682,37.4454863
-122.165018,37.4460843
-122.1640682,37.4454863
-122.165018,37.4460843
-122.1640682,37.4454863
-122.165018,37.4460843
-122.1640682,37.4454863
-122.165018,37.4460843
-122.1640682,37.4454863
-122.165018,37.4460843
-122.1640682,37.4454863
-122.165018,37.4460843
-122.1640682,37.4454863
-122.165018,37.4460843
-122.1640682,37.4454863
-122.165018,37.4460843
-122.1640682,37.4454863
-122.165018,37.4460843
-122.1640682,37.4454863
-122.165018,37.4460843
-122.1640682,37.4454863
-122.165018,37.4460843
-122.165018,37.4460843
-122.1652304,37.446218
-122.165018,37.4460843
-122.1652304,37.446218
-122.165018,37.4460843
-122.1652304,37.446218
-122.165018,37.4460843
-122.1652304,37.446218
-122.165018,37.4460843
-122.1652304,37.446218
-122.165018,37.4460843
-122.1652304,37.446218
-122.165018,37.4460843
-122.1652304,37.446218
-122.1652304,37.446218
-122.1653194,37.4462741
-122.1652304,37.446218
-122.1653194,37.4462741
-122.1652304,37.446218
-122.1653194,37.4462741
-122.1652304,37.446218
-122.1653194,37.4462741
-122.1652304,37.446218
-122.1653194,37.4462741
-122.1665559,37.4470525
-122.1653954,37.4463219
-122.1665559,37.4470525
-122.1653954,37.4463219
-122.1665559,37.4470525
-122.1653954,37.4463219
-122.1665559,37.4470525
-122.1653954,37.4463219
-122.1665559,37.4470525
-122.1653954,37.4463219
-122.1665559,37.4470525
-122.1653954,37.4463219
-122.1665559,37.4470525
-122.1653954,37.4463219
-122.1665559,37.4470525
-122.1653954,37.4463219
-122.1665559,37.4470525
-122.1653954,37.4463219
-122.1665559,37.4470525
-122.1653954,37.4463219
-122.1665559,37.4470525
-122.1653954,37.4463219
-122.1665559,37.4470525
-122.1653954,37.4463219
-122.1665559,37.4470525
-122.1653954,37.4463219
-122.1665559,37.4470525
-122.1653954,37.4463219
-122.1665559,37.4470525
-122.1653954,37.4463219
-122.1665559,37.4470525
-122.1653954,37.4463219
-122.1665559,37.4470525
-122.1653954,37.4463219
-122.1665559,37.4470525
-122.1664793,37.4471299
-122.1665559,37.4470525
-122.1664793,37.4471299
-122.1664793,37.4471299
-122.1659584,37.4476559
-122.1664793,37.4471299
-122.1659584,37.4476559
-122.1664793,37.4471299
-122.1659584,37.4476559
-122.1664793,37.4471299
-122.1659584,37.4476559
-122.1664793,37.4471299
-122.1659584,37.4476559
-122.1664793,37.4471299
-122.1659584,37.4476559
-122.1664793,37.4471299
-122.1659584,37.4476559
-122.1664793,37.4471299
-122.1659584,37.4476559
-122.1664793,37.4471299
-122.1659584,37.4476559
-122.1659584,37.4476559
-122.1656673,37.4479469
-122.1659584,37.4476559
-122.1656673,37.4479469
-122.1659584,37.4476559
-122.1656673,37.4479469
-122.1659584,37.4476559
-122.1656673,37.4479469
-122.1659584,37.4476559
-122.1656673,37.4479469
-122.1656673,37.4479469
-122.1654286,37.4481907
-122.1656673,37.4479469
-122.1654286,37.4481907
-122.1656673,37.4479469
-122.1654286,37.4481907
-122.1656673,37.4479469
-122.1654286,37.4481907
-122.1656673,37.4479469
-122.1654286,37.4481907
-122.1654286,37.4481907
-122.165361,37.4482564
-122.1654286,37.4481907
-122.165361,37.4482564
-122.1654286,37.4481907
-122.165361,37.4482564
-122.1654286,37.4481907
-122.165361,37.4482564
-122.1654286,37.4481907
-122.165361,37.4482564
-122.1654286,37.4481907
-122.165361,37.4482564
-122.1654286,37.4481907
-122.165361,37.4482564
-122.165361,37.4482564
-122.1670068,37.4492824
-122.165361,37.4482564
-122.1670068,37.4492824
-122.165361,37.4482564
-122.1670068,37.4492824
-122.165361,37.4482564
-122.1670068,37.4492824
-122.165361,37.4482564
-122.1670068,37.4492824
-122.165361,37.4482564
-122.1670068,37.4492824
-122.165361,37.4482564
-122.1670068,37.4492824
-122.165361,37.4482564
-122.1670068,37.4492824
-122.165361,37.4482564
-122.1670068,37.4492824
-122.165361,37.4482564
-122.1670068,37.4492824
-122.165361,37.4482564
-122.1670068,37.4492824
-122.165361,37.4482564
-122.1670068,37.4492824
-122.165361,37.4482564
-122.1670068,37.4492824
-122.165361,37.4482564
-122.1670068,37.4492824
-122.165361,37.4482564
-122.1670068,37.4492824
-122.165361,37.4482564
-122.1670068,37.4492824
-122.165361,37.4482564
-122.1670068,37.4492824
-122.165361,37.4482564
-122.1670068,37.4492824
-122.165361,37.4482564
-122.1670068,37.4492824
-122.165361,37.4482564
-122.1670068,37.4492824
-122.165361,37.4482564
-122.1670068,37.4492824
-122.165361,37.4482564
-122.1670068,37.4492824
-122.165361,37.4482564
-122.1670068,37.4492824
